taxtree,Proteobacteria,Planctomycetota,Verrucomicrobiota,Firmicutes,Actinobacteriota,Desulfobacterota,Bacteroidota,Chloroflexi,Cyanobacteria,Fusobacteriota,Myxococcota,SAR324_clade(Marine_group_B),Bdellovibrionota,Dependentiae,Spirochaetota,Deferribacterota,Synergistota,Patescibacteria,Acidobacteriota,d__Archaea;Thermoplasmatota,Elusimicrobiota,WPS-2,Campilobacterota,d__Archaea;Euryarchaeota,d__Archaea;Crenarchaeota,Fibrobacterota,NB1-j,Rs-K70_termite_group,d__Archaea;Halobacterota,d__Archaea;Nanoarchaeota,Gemmatimonadota,Latescibacterota,PAUC34f,Armatimonadota,MBNT15,Dadabacteria,Poribacteria,Sva0485,Entotheonellaeota,Halanaerobiaeota,Hydrogenedentes,Schekmanbacteria,Nitrospirota,Sumerlaeota,Deinococcota,Nitrospinota,Modulibacteria,FW113,AncK6,WS2,Calditrichota,Methylomirabilota,Cloacimonadota,Zixibacteria,Marinimicrobia_(SAR406_clade),RCP2-54,Abditibacteriota
Antidorcas_marsupialis,1,0,0,145,1,0,40,0,0,0,0,0,0,0,0,0,0,0,0,0,0,0,0,0,0,0,0,0,0,0,0,0,0,0,0,0,0,0,0,0,0,0,0,0,0,0,0,0,0,0,0,0,0,0,0,0,0
Bos_javanicus,0,0,1,70,0,0,21,1,0,0,0,0,0,0,1,0,0,0,0,0,0,0,0,0,0,0,0,0,0,0,0,0,0,1,0,0,0,0,0,0,0,0,0,0,0,0,0,0,0,0,0,0,0,0,0,0,0
Budorcas_taxicolor,1,0,4,78,0,1,70,0,0,0,0,0,0,0,0,0,0,3,0,0,0,0,0,0,0,0,0,0,0,0,0,0,0,0,0,0,0,0,0,0,0,0,0,0,0,0,0,0,0,0,0,0,0,0,0,0,0
Gazella_spekei,1,0,6,131,2,0,32,0,0,0,0,0,0,0,0,0,0,0,0,0,0,0,0,0,0,0,0,0,0,0,0,0,0,0,0,0,0,0,0,0,0,0,0,0,0,0,0,0,0,0,0,0,0,0,0,0,0
Ovis_ammon,0,0,1,194,306,0,34,1,1,0,0,0,0,0,0,0,0,1,0,0,0,0,0,0,0,0,0,0,0,0,0,0,0,0,0,0,0,0,0,0,0,0,0,0,0,0,0,0,0,0,0,0,0,0,0,0,0
Ovis_canadensis,3,0,10,357,189,0,37,0,4,0,0,0,0,0,0,0,0,10,0,0,0,0,6,0,0,0,0,0,0,0,0,0,0,0,0,0,0,0,0,0,0,0,0,0,0,0,0,0,0,0,0,0,0,0,0,0,0
Ovis_vignei,1,1,23,209,1,1,64,0,0,0,0,0,0,0,0,0,0,0,0,0,0,0,0,0,0,0,0,0,0,0,0,0,0,0,0,0,0,0,0,0,0,0,0,0,0,0,0,0,0,0,0,0,0,0,0,0,0
Giraffa_camelopardalis_reticulata,0,0,0,132,0,0,26,0,0,0,0,0,0,0,13,0,0,0,0,0,0,0,0,0,0,0,0,0,0,0,0,0,0,0,0,0,0,0,0,0,0,0,0,0,0,0,0,0,0,0,0,0,0,0,0,0,0
Okapia_johnstoni,0,0,7,110,0,1,33,0,0,0,0,0,0,0,2,0,0,0,0,0,0,0,0,0,0,0,0,0,0,0,0,0,0,0,0,0,0,0,0,0,0,0,0,0,0,0,0,0,0,0,0,0,0,0,0,0,0
Babyrousa_babyrussa,0,6,7,155,1,0,2,0,0,0,0,0,0,0,0,0,0,0,0,0,0,0,0,0,0,0,0,0,0,0,0,0,0,0,0,0,0,0,0,0,0,0,0,0,0,0,0,0,0,0,0,0,0,0,0,0,0
Potamochoerus_porcus,0,0,2,129,0,0,15,0,0,0,0,0,0,0,0,0,0,0,0,0,0,18,0,0,0,1,0,0,0,0,0,0,0,0,0,0,0,0,0,0,0,0,0,0,0,0,0,0,0,0,0,0,0,0,0,0,0
Sus_cebifons,0,0,4,104,4,0,26,0,0,0,0,0,0,0,1,0,0,0,0,0,0,0,0,0,0,0,0,0,0,0,0,0,0,0,0,0,0,0,0,0,0,0,0,0,0,0,0,0,0,0,0,0,0,0,0,0,0
Speothos_venaticus,0,0,0,112,6,0,28,0,0,5,0,0,0,0,0,0,0,0,0,0,0,0,2,0,0,0,0,0,0,0,0,0,0,0,0,0,0,0,0,0,0,0,0,0,0,0,0,0,0,0,0,0,0,0,0,0,0
Acinonyx_jubatus,12,0,0,110,10,0,1,0,0,3,0,0,0,0,0,0,0,0,0,0,0,0,0,0,0,0,0,0,0,0,0,0,0,0,0,0,0,0,0,0,0,0,0,0,0,0,0,0,0,0,0,0,0,0,0,0,0
Crocuta_crocuta,7,0,0,69,8,0,5,0,0,0,0,0,0,0,0,0,0,0,0,0,0,0,0,0,0,0,0,0,0,0,0,0,0,0,0,0,0,0,0,0,0,0,0,0,0,0,0,0,0,0,0,0,0,0,0,0,0
Panthera_leo,3410,0,114,137010,2629,258,33845,0,0,66833,0,0,0,0,5,0,0,0,0,0,0,0,179,0,0,0,0,0,0,0,0,0,0,0,0,0,0,0,0,0,0,0,0,0,0,0,0,0,0,0,0,0,0,0,0,0,0
Ailuropoda_melanoleuca,0,0,0,563,1,0,0,0,0,0,0,0,0,0,0,0,0,0,0,0,0,0,0,0,0,0,0,0,0,0,0,0,0,0,0,0,0,0,0,0,0,0,0,0,0,0,0,0,0,0,0,0,0,0,0,0,0
Ailurus_fulgens,850,0,0,295,0,0,0,0,0,0,0,0,0,0,0,0,0,0,0,0,0,0,0,0,0,0,0,0,0,0,0,0,0,0,0,0,0,0,0,0,0,0,0,0,0,0,0,0,0,0,0,0,0,0,0,0,0
Tremarctos_ornatus,0,0,0,195,0,0,0,0,0,0,0,0,0,0,0,0,0,0,0,0,0,0,0,0,0,0,0,0,0,0,0,0,0,0,0,0,0,0,0,0,0,0,0,0,0,0,0,0,0,0,0,0,0,0,0,0,0
Ursus_americanus,3,0,0,149,0,0,0,0,0,0,0,0,0,0,0,0,0,0,0,0,0,0,0,0,0,0,0,0,0,0,0,0,0,0,0,0,0,0,0,0,0,0,0,0,0,0,0,0,0,0,0,0,0,0,0,0,0
Ursus_maritimus,116,0,0,248,1,0,0,0,0,121,0,0,0,0,0,0,0,0,0,0,0,0,0,0,0,0,0,0,0,0,0,0,0,0,0,0,0,0,0,0,0,0,0,0,0,0,0,0,0,0,0,0,0,0,0,0,0
Carollia_perspicillata,2,1,0,266,1,0,2,0,0,0,0,0,0,0,0,0,0,1,0,0,0,0,0,0,0,0,0,0,0,0,0,0,0,0,0,0,0,0,0,0,0,0,0,0,0,0,0,0,0,0,0,0,0,0,0,0,0
Pteropus_giganteus,44,0,2,64,8,0,14,0,0,0,0,0,0,0,0,0,0,1,0,0,0,0,0,0,0,0,0,0,0,0,0,0,0,0,0,0,0,0,0,0,0,0,0,0,1,0,0,0,0,0,0,0,0,0,0,0,0
Procavia_capensis,0,0,0,68,0,0,184,0,0,0,0,0,0,0,0,0,0,0,0,0,0,1,0,0,0,3,0,0,0,0,0,0,0,0,0,0,0,0,0,0,0,0,0,0,0,0,0,0,0,0,0,0,0,0,0,0,0
Atelerix_albiventris,42,0,0,162,0,0,0,0,0,0,0,0,0,0,0,0,0,0,0,0,0,0,0,0,0,0,0,0,0,0,0,0,0,0,0,0,0,0,0,0,0,0,0,0,0,0,0,0,0,0,0,0,0,0,0,0,0
Oryctolagus_cuniculus,6265,0,1936,144120,381,455,28595,0,8250,0,0,103,0,0,0,0,0,0,0,0,0,0,1130,87,0,0,0,0,0,0,0,0,0,0,0,0,0,0,0,0,0,0,0,0,0,0,0,0,0,0,0,0,0,0,0,0,0
Equus_asinus,2,0,39,71,3,1,34,0,0,0,0,0,0,0,4,0,0,0,0,0,0,0,0,0,0,14,0,0,0,0,0,0,0,0,0,0,0,0,0,0,0,0,0,0,0,0,0,0,0,0,0,0,0,0,0,0,0
Equus_ferus,3,0,52,271,5,0,127,1,0,0,0,0,0,0,11,0,0,3,0,0,0,0,0,0,0,4,0,0,0,0,0,0,0,0,0,0,0,0,0,0,0,0,0,0,0,0,0,0,0,0,0,0,0,0,0,0,0
Equus_grevyi,1,0,67,96,1,1,37,0,0,0,0,0,0,0,0,0,0,0,0,0,0,0,1,0,0,3,0,0,0,0,0,0,0,0,0,0,0,0,0,0,0,0,0,0,0,0,0,0,0,0,0,0,0,0,0,0,0
Equus_hartmannae,159,0,0,26,25,0,18,0,0,0,0,0,0,0,0,0,0,0,0,0,0,0,0,0,0,0,0,0,0,0,0,0,0,0,0,0,0,0,0,0,0,0,0,0,0,0,0,0,0,0,0,0,0,0,0,0,0
Diceros_bicornis,1,1,14,71,0,0,77,0,0,0,0,0,0,0,2,0,0,1,0,0,0,3,0,0,0,2,0,0,0,0,0,0,0,0,0,0,0,0,0,0,0,0,0,0,0,0,0,0,0,0,0,0,0,0,0,0,0
Rhinoceros_unicornis,13374,797,8556,65449,1150,302,98679,380,73,136,0,0,243,0,14340,0,5,577,2,206,224,0,20,1131,0,2338,0,0,47,0,0,0,0,230,0,0,0,0,0,0,0,0,0,0,0,0,0,0,0,0,0,0,0,0,0,0,0
Ateles_geoffroyi,0,0,0,163,0,0,81,0,0,0,0,0,0,0,0,0,0,0,0,0,0,0,0,0,0,0,0,0,0,0,0,0,0,0,0,0,0,0,0,0,0,0,0,0,0,0,0,0,0,0,0,0,0,0,0,0,0
Callithrix_geoffroyi,0,0,0,16,4,0,65,0,0,0,0,0,0,0,0,0,0,0,0,0,0,0,0,0,0,0,0,0,0,0,0,0,0,0,0,0,0,0,0,0,0,0,0,0,0,0,0,0,0,0,0,0,0,0,0,0,0
Callimico_goeldii,0,0,0,37,1,0,12,0,0,0,0,0,0,0,0,0,0,0,0,0,0,0,0,0,0,0,0,0,0,0,0,0,0,0,0,0,0,0,0,0,0,0,0,0,0,0,0,0,0,0,0,0,0,0,0,0,0
Colobus_angolensis,0,0,0,127,0,0,21,0,0,0,0,0,0,0,1,0,0,0,0,0,0,0,0,0,0,0,0,0,0,0,0,0,0,0,0,0,0,0,0,0,0,0,0,0,0,0,0,0,0,0,0,0,0,0,0,0,0
Colobus_guereza,3,0,12,146,0,2,35,0,3,0,0,0,0,0,4,0,0,0,0,0,0,1,0,0,0,0,0,0,0,0,0,0,0,0,0,0,0,0,0,0,0,0,0,0,0,0,0,0,0,0,0,0,0,0,0,0,0
Papio_hamadryas,0,0,2,265,0,0,60,0,2,0,0,0,0,0,39,0,0,0,0,0,0,0,0,0,0,0,0,0,0,0,0,0,0,0,0,0,0,0,0,0,0,0,0,0,0,0,0,0,0,0,0,0,0,0,0,0,0
Presbytis_francoisis,43,1,2,206,0,0,110,0,0,0,0,0,0,0,2,0,0,0,0,0,0,0,0,0,0,0,0,0,0,0,0,0,0,0,0,0,0,0,0,0,0,0,0,0,0,0,0,0,0,0,0,0,0,0,0,0,0
Pygathrix_nemaeus,40674,0,79,8529,860,0,11867,0,20,0,0,0,0,0,26,0,0,0,0,0,0,0,32,4,0,0,0,0,0,0,0,0,0,0,0,0,0,0,0,0,0,0,0,0,0,0,0,0,0,0,0,0,0,0,0,0,0
Gorilla_gorilla,1025,5,4807,97211,4386,272,8703,0,684,2,0,0,0,0,954,0,0,1,0,2,0,1,0,24300,0,69,0,0,0,0,0,0,0,0,0,0,0,0,0,0,0,0,0,0,0,0,0,0,0,0,0,0,0,0,0,0,0
Pan_paniscus,0,0,0,66,6,0,14,0,0,0,0,0,0,0,0,0,0,2,0,0,0,0,0,0,0,0,0,0,0,0,0,0,0,0,0,0,0,0,0,0,0,0,0,0,0,0,0,0,0,0,0,0,0,0,0,0,0
Pan_troglodytes,0,1,0,164,2,1,51,0,1,0,0,0,0,0,1,0,0,1,0,0,0,12,0,0,0,0,0,0,0,0,0,0,0,0,0,0,0,0,0,0,0,0,0,0,0,0,0,0,0,0,0,0,0,0,0,0,0
Pongo_pygmaeus_abelii,3,0,4,317,12,2,104,0,0,0,0,0,0,0,3,0,1,0,0,0,0,7,0,0,0,0,0,0,0,0,0,0,0,0,0,0,0,0,0,0,0,0,0,0,0,0,0,0,0,0,0,0,0,0,0,0,0
Eulemur_macaco,2,0,0,49,1,0,14,0,0,0,0,0,0,0,0,0,0,0,0,0,0,0,0,0,0,0,0,0,0,0,0,0,0,0,0,0,0,0,0,0,0,0,0,0,0,0,0,0,0,0,0,0,0,0,0,0,0
Eulemur_mongoz,0,0,0,184,3,0,93,0,0,0,0,0,0,0,0,0,0,0,0,0,0,0,0,0,0,0,0,0,0,0,0,0,0,0,0,0,0,0,0,0,0,0,0,0,0,0,0,0,0,0,0,0,0,0,0,0,0
Lemur_catta,1,0,34,111,0,0,44,0,0,0,0,0,0,0,3,0,0,0,0,0,0,0,0,0,0,0,0,0,0,0,0,0,0,0,0,0,0,0,0,0,0,0,0,0,0,0,0,0,0,0,0,0,0,0,0,0,0
Pithecia_pithecia,2,0,0,361,0,0,22,0,0,0,0,0,0,0,0,0,0,0,0,0,0,0,0,0,0,0,0,0,0,0,0,0,0,0,0,0,0,0,0,0,0,0,0,0,0,0,0,0,0,0,0,0,0,0,0,0,0
Elephas_maximus,2,1,71,194,3,3,117,1,0,0,0,0,0,0,9,0,9,0,0,0,0,0,0,0,0,1,0,0,0,0,0,0,0,1,0,0,0,0,0,0,0,0,0,0,0,0,0,0,0,0,0,0,0,0,0,0,0
Loxodonta_africana,81413,198,18078,183559,2544,489,155356,86,2083,59,0,9,890,0,16014,0,1898,4,0,837,291,0,3,1048,0,757,2,0,591,0,0,0,0,245,0,0,0,0,0,0,0,0,0,0,0,0,0,0,0,0,0,0,0,0,0,0,0
Heterocephalus_glaber,29,0,0,130,15,0,84,0,1,0,0,0,0,0,10,2,8,0,0,0,0,0,0,0,0,0,0,0,0,0,0,0,0,0,0,0,0,0,0,0,0,0,0,0,0,0,0,0,0,0,0,0,0,0,0,0,0
Hydrochaeris_hydrochaeris,8,0,5,29,0,0,105,0,6,0,0,0,0,0,3,0,0,1,0,0,0,0,0,0,0,1,0,0,0,0,0,0,0,0,0,0,0,0,0,0,0,0,0,0,0,0,0,0,0,0,0,0,0,0,0,0,0
Callosciurus_prevosti,2,0,0,185,1,1,33,0,0,0,0,0,0,0,0,0,0,0,0,0,0,0,0,0,0,0,0,0,0,0,0,0,0,0,0,0,0,0,0,0,0,0,0,0,0,0,0,0,0,0,0,0,0,0,0,0,0
Tolypeutes_matacus,1,0,2,282,34,0,3,0,0,1,0,0,0,0,0,0,0,0,0,0,0,0,0,0,0,0,0,0,0,0,0,0,0,0,0,0,0,0,0,0,0,0,0,0,0,0,0,0,0,0,0,0,0,0,0,0,0
Macropus_rufus,4,0,34,179,0,1,54,0,0,0,0,0,0,0,0,0,0,0,0,0,0,0,3,0,0,0,0,0,0,0,0,0,0,0,0,0,0,0,0,0,0,0,0,0,0,0,0,0,0,0,0,0,0,0,0,0,0
Tachyglossus_aculeatus,19585,44,917,93986,5488,104,8181,7,60,518,38,0,4,2,0,0,19,0,18,0,4,0,5,84,7,0,6,0,19,0,0,0,0,0,0,0,0,0,0,0,0,0,0,0,0,0,0,0,0,0,0,0,0,0,0,0,0
Rhinecanthus_aculeatus,112971,97959,33710,17415,13060,5326,11167,4225,32849,227,2761,809,1401,322,121,0,32,1292,672,0,0,0,6,0,64,0,366,62,0,80,8,2,0,0,0,317,0,0,0,7,0,0,0,0,0,0,40,31,0,0,0,0,0,0,0,0,0
Cephalopholis_argus,72507,14492,4429,99607,1763,1581,11250,389,2794,4634,193,0,13,154,527,0,107,60,153,0,0,0,13,44,36,13,180,19,0,29,0,0,0,0,23,54,0,0,10,0,0,0,0,0,0,0,0,0,0,0,0,0,0,0,0,0,0
Chaetodon_auriga,22847,743,866,33370,7972,96,1407,330,1024,165,21,0,144,98,64,0,0,79,0,0,0,0,20,0,0,0,0,0,0,3,0,0,0,0,0,155,0,0,0,0,0,0,0,0,50,0,0,0,0,0,0,0,0,0,0,0,0
Myripristis_berndti,2172,27,0,30911,207,0,1585,0,29,856,0,0,0,0,0,0,0,0,0,0,0,0,0,0,0,0,0,0,0,0,0,0,0,0,0,0,0,0,0,0,0,0,0,0,0,0,0,0,0,0,0,0,0,0,0,0,0
Aulostomus_chinensis,15404,778,613,24576,8242,574,1915,143,509,335,100,0,47,0,133,0,40,4,0,0,0,0,66,49,0,0,0,0,81,49,0,0,0,0,0,0,0,0,0,0,0,0,0,0,59,0,0,0,0,0,0,0,0,0,0,0,0
Dascyllus_flavicaudus,48281,22865,6744,111081,16264,1961,2987,689,2744,1902,321,154,520,674,0,0,0,164,183,55,0,0,262,0,13,0,88,0,0,106,0,0,0,0,45,156,0,0,0,16,0,0,0,0,0,0,0,0,0,0,0,0,0,0,0,0,0
Epibulus_insidiator,74851,13602,4751,39754,9122,3654,8874,505,1656,11270,244,175,410,279,283,0,306,455,217,30,0,0,194,0,21,0,202,0,53,47,35,0,0,0,16,67,0,0,69,0,0,0,0,0,0,0,11,0,0,0,0,0,0,0,0,0,0
Naso_lituratus,12429,212,16166,98848,806,10258,67768,2,4655,1103,0,0,8,0,3421,669,0,2,13,0,198,0,152,0,0,0,0,0,0,0,0,0,0,0,0,0,0,0,0,0,0,0,0,0,0,0,0,0,0,0,0,0,0,0,0,0,0
Epinephelus_merra,37276,1737,1466,177778,373,1438,9393,31,2212,3482,99,8,0,11,658,101,0,124,0,0,0,0,118,0,0,0,0,0,0,0,0,0,0,0,0,55,0,0,0,0,0,0,0,0,0,0,0,0,0,0,0,0,0,0,0,0,0
Chaetodon_ornatissimus,14371,328,10204,145712,2726,12977,57120,2,899,2769,5,0,28,0,7176,0,1572,390,0,93,0,0,719,2549,10,0,2,376,3,9,0,0,0,0,0,0,0,0,0,0,0,0,0,0,0,0,0,0,0,0,0,0,0,0,0,0,0
Chaetodon_reticulatus,11594,945,7370,124595,2462,18628,57269,2,1173,2746,0,2,3,12,8508,62,1104,150,0,0,188,0,694,1451,0,0,5,564,0,33,0,0,0,0,0,0,0,0,0,0,0,0,0,0,0,0,0,0,0,0,0,0,0,0,0,0,0
Zebrasoma_scopas,39577,127,13869,204182,1000,16336,113798,0,559,6442,0,207,656,0,11459,69,1208,132,0,129,0,0,1803,0,0,0,0,0,384,21,0,0,0,0,0,0,0,0,0,0,0,0,0,0,0,0,0,0,0,0,0,0,0,0,0,0,0
Abudefduf_sexfasciatus,78695,27642,9129,53086,18006,2391,6022,1120,8086,8481,306,177,533,975,8,0,0,135,129,26,12,0,0,0,119,3,190,0,0,80,40,0,0,0,0,110,0,0,0,3,0,0,0,0,0,0,0,0,0,0,0,0,0,0,0,0,0
Chlorurus_spilurus,167385,49891,11889,37657,6653,3718,12205,1517,20496,5288,2451,170,437,705,500,0,315,207,501,0,0,15,400,297,67,3,597,38,0,12,17,0,0,0,36,766,0,0,11,37,17,0,38,0,0,4,0,0,0,15,0,0,0,0,0,0,0
Sargocentron_spiniferum,32623,2623,671,116242,2971,1036,3887,92,148,5941,0,2,30,28,1256,0,0,9,0,0,0,0,0,27,27,0,77,0,0,179,0,0,0,0,0,104,0,0,0,0,0,0,0,0,0,0,0,0,0,0,0,0,0,0,0,0,0
Ctenochaetus_striatus,118072,88788,26124,57568,8319,5741,21133,2153,25487,3340,1335,1012,1304,654,1974,22,245,119,2014,42,38,191,655,208,117,0,1654,325,7,0,0,5,0,0,87,230,0,0,8,28,15,2,117,0,16,0,0,0,0,0,0,0,0,0,0,0,0
Halichoeres_trimaculatus,85724,69996,18070,16222,15872,7635,8121,9698,23606,838,1401,922,2065,1056,666,0,65,5866,2279,0,0,130,1296,0,118,76,685,0,173,545,34,14,0,0,17,543,21,33,97,0,37,0,25,73,0,23,194,57,0,0,0,0,0,0,0,0,0
Cephalopholis_urodeta,52278,91,363,46063,4573,26500,1806,90,256,3190,7,13,3,0,220,0,58,7,3,0,0,0,9,0,0,0,0,0,0,419,0,0,0,0,0,0,0,0,0,0,0,0,0,0,0,0,0,0,0,0,0,0,0,0,0,0,0
Myripristis_violacea,24089,442,123,105996,3843,1160,6125,245,462,7559,8,0,70,42,282,0,0,0,0,0,0,0,0,3,100,0,0,0,0,255,0,0,0,0,0,0,0,0,0,0,0,0,0,0,0,0,0,0,0,0,0,0,0,0,0,0,0
Castor_fiber,1754,0,4392,21558,791,145,43027,0,37,20277,0,0,0,0,107,0,0,0,0,0,0,0,6,0,0,0,0,0,0,0,0,0,0,0,0,0,0,0,0,0,0,0,0,0,0,0,0,0,0,0,0,0,0,0,0,0,0
Equus_caballus,54505,97,22819,185909,2637,1175,158146,140,1400,45,7,127,3,0,37907,0,136,33,16,316,24,0,39,346,0,6191,0,0,630,0,2,0,0,177,0,0,0,0,0,0,0,0,0,0,3,0,0,0,0,0,0,0,0,0,0,0,0
Equus_hemionus,851,215,36898,151742,1646,969,121267,443,1266,49,2,104,0,0,15818,3,282,196,0,446,31,0,336,269,0,6428,0,0,415,0,2,0,0,170,0,0,0,0,0,0,0,0,0,0,0,0,0,0,0,0,0,0,0,0,0,0,0
Vulpes_vulpes,2339,0,0,48884,1217,9,15242,0,0,133046,0,0,0,0,6,0,0,0,0,0,0,0,393,0,0,0,0,0,0,0,0,0,0,0,0,0,0,0,0,0,0,0,0,0,0,0,0,0,0,0,0,0,0,0,0,0,0
Nyctalus_noctula,103051,0,0,1635,32,0,43,0,0,6,4,0,0,0,0,0,0,0,0,0,0,0,0,0,0,0,0,0,0,0,0,0,0,0,0,0,0,0,0,0,0,0,0,0,0,0,0,0,0,0,0,0,0,0,0,0,0
Erinaceus_europaeus,58095,0,73,44699,308,10,1433,0,0,69610,8,0,0,0,2,0,2,0,0,0,0,0,270,0,4,0,0,0,0,0,0,0,0,0,0,0,0,0,0,0,0,0,0,0,0,0,0,0,0,0,0,0,0,0,0,0,0
Falco_tinnunculus,19054,0,0,1706,22,0,3,0,0,0,0,0,0,0,0,0,0,0,0,0,0,0,0,0,0,0,0,0,0,0,0,0,0,0,0,0,0,0,0,0,0,0,0,0,0,0,0,0,0,0,0,0,0,0,0,0,0
Sus_scrofa,15631,617,17948,394817,6621,1660,158378,73,1698,16226,43,0,0,15,43906,9,23,0,0,708,71,0,576,2795,9,1212,0,0,123,0,3,0,0,4,0,0,0,0,0,0,0,0,0,3,0,0,0,0,0,0,0,0,0,0,0,0,0
Rupicapra_rupicapra,577,117,3432,144074,869,64,67536,83,312,30,0,0,0,0,393,0,11,6,0,0,80,0,0,4739,0,5,0,0,0,0,0,0,0,0,0,0,0,0,0,0,0,0,0,0,0,0,0,0,0,0,0,0,0,0,0,0,0
Canis_aureus,3710,0,0,15821,65,3,4506,0,0,66404,0,2,0,0,0,0,0,0,0,0,0,0,27,0,0,0,0,0,0,0,0,0,0,0,0,0,0,0,0,0,0,0,0,0,0,0,0,0,0,0,0,0,0,0,0,0,0
Marmota_marmota,414,14,7223,171195,942,0,33485,0,724,10,0,0,0,0,0,0,0,0,0,0,23,0,14,3535,0,0,0,0,0,0,0,0,0,0,0,0,0,0,0,0,0,0,0,0,0,0,0,0,0,0,0,0,0,0,0,0,0
Capra_ibex,1483,265,4944,182298,349,569,96959,24,895,11,0,0,0,0,7798,9,0,7,0,0,428,0,0,1691,0,221,0,0,0,0,0,0,0,0,0,0,0,0,0,0,0,0,0,0,0,0,0,0,0,0,0,0,0,0,0,0,0
Capra_hircus,79483,71,1911,97411,6646,312,31378,34,439,15,0,0,0,0,1384,3,0,5,0,21,91,0,0,1943,0,0,0,0,33,0,0,0,0,0,0,0,0,0,0,0,0,0,0,0,0,0,0,0,0,0,0,0,0,0,0,0,0
Bos_frontalis,20424,25,1124,164968,1165,473,39350,213,390,9,0,0,0,0,148,0,0,9,0,25,37,0,0,1143,0,2,0,0,0,0,0,0,0,0,0,0,0,0,0,0,0,0,0,0,0,0,0,0,0,0,0,0,0,0,0,0,0
Cervus_unicolor,17005,43,667,171687,320,102,16998,42,260,0,5,0,0,0,543,0,0,7,0,33,43,0,0,757,0,264,0,0,69,0,0,0,0,0,0,0,0,0,0,0,0,0,0,0,0,0,0,0,0,0,0,0,0,0,0,0,0
Bos_taurus,3824,14,3490,151789,253,479,49223,86,910,10,0,0,2,0,1085,0,0,7,0,50,20,0,0,1498,0,474,0,0,74,0,0,0,0,0,0,0,0,0,0,0,0,0,0,0,0,0,0,0,0,0,0,0,0,0,0,0,0
Apodemus_sylvaticus,1517,0,0,46385,11,230,4848,0,9,4,0,0,0,0,238,3606,0,0,0,0,0,0,25395,0,0,0,0,0,0,0,0,0,0,0,0,0,0,0,0,0,0,0,0,0,0,0,0,0,0,0,0,0,0,0,0,0,0
Ardea_cinerea,5746,3,0,80155,469,0,0,0,0,12,0,0,0,0,0,41,0,0,0,0,0,0,0,3,0,0,0,0,0,0,0,0,0,0,0,0,0,0,0,0,0,0,0,0,0,0,0,0,0,0,0,0,0,0,0,0,0
Haliaeetus_albicilla,45392,0,0,64522,269,0,533,0,0,4300,0,0,0,0,2,0,0,0,0,0,0,0,0,4,0,0,0,0,0,0,0,0,0,0,0,0,0,0,0,0,0,0,0,0,0,0,0,0,0,0,0,0,0,0,0,0,0
Phalacrocorax_carbo,16051,0,0,52734,4312,0,532,0,0,1030,0,0,0,0,13,0,0,0,5,0,0,0,2151,0,0,0,0,0,0,0,0,0,0,0,0,0,0,0,0,0,0,0,0,0,0,0,0,0,0,0,0,0,0,0,0,0,0
Carduelis_chloris,12277,3,0,22020,125,0,66,0,0,0,0,0,0,0,0,0,0,0,0,0,0,0,0,0,0,0,0,0,0,0,0,0,0,0,0,0,0,0,0,0,0,0,0,0,0,0,0,0,0,0,0,0,0,0,0,0,0
Salvelinus_fontinalis,8214,0,0,848,0,0,2,0,0,2565,0,0,0,0,96,0,0,0,0,0,0,0,0,0,0,0,0,0,0,0,0,0,0,0,0,0,0,0,0,0,0,0,0,0,0,0,0,0,0,0,0,0,0,0,0,0,0
Hemidactylus_frenatus,1800,0,6,5575,4392,231,234,0,0,194,0,0,0,0,0,0,55,0,0,0,0,0,0,0,0,0,0,102,0,0,0,0,0,0,0,0,0,0,0,0,0,0,0,0,0,0,0,0,0,0,0,0,0,0,0,0,0
Homo_sapiens,4321,0,801,177892,4144,329,138759,0,388,24,2,0,0,0,0,0,0,0,0,0,0,0,0,2,0,0,0,0,0,0,0,0,0,0,0,0,0,0,0,0,0,0,0,0,0,0,0,0,0,0,0,0,0,0,0,0,0
Ursus_arctos,25041,18,32,132715,39,8,153,2,0,183,9,0,2,0,0,0,0,0,13,0,0,0,1004,2,0,0,0,0,0,0,2,0,0,0,0,0,0,0,0,0,0,0,0,0,0,0,0,0,0,0,0,0,0,0,0,0,0
Zamenis_longissimus,59260,11,32,11945,480,28,25347,21,0,120,3,2,7,2,0,0,0,3,11,0,0,0,120,0,7,0,0,0,0,0,0,0,0,0,0,0,0,0,0,0,0,0,0,0,0,0,0,0,0,0,0,0,0,0,0,4,0
Podarcis_siculus,51454,0,207,3186,206,229,7609,0,4,10,0,0,0,0,0,9,0,0,0,0,0,0,192,0,0,0,0,0,0,0,0,0,0,0,0,0,0,0,0,0,0,0,0,0,0,0,0,0,0,0,0,0,0,0,0,0,0
Cricetus_cricetus,853,0,5,48124,2159,781,84242,0,1337,19,0,0,0,0,83,0,0,18,0,0,29,0,1085,26,0,0,0,0,0,0,0,0,0,0,0,0,0,0,0,0,0,0,0,0,0,0,0,0,0,0,0,0,0,0,0,0,0
Lynx_lynx,4932,0,60,161095,3984,0,3082,0,0,8760,0,0,0,0,0,0,0,0,0,0,0,0,17,0,0,0,0,0,0,0,0,0,0,0,0,0,0,0,0,0,0,0,0,0,0,0,0,0,0,0,0,0,0,0,0,0,0
Sander_lucioperca,130,0,0,20503,0,0,0,0,0,0,0,0,0,0,0,0,0,0,0,0,0,0,0,0,0,0,0,0,0,0,0,0,0,0,0,0,0,0,0,0,0,0,0,0,0,0,0,0,0,0,0,0,0,0,0,0,0
Turdus_merula,17067,0,448,27945,666,214,9764,0,0,196,0,0,0,0,0,37,0,0,0,0,0,0,19,0,0,0,0,0,0,0,0,0,0,0,0,0,0,0,0,0,0,0,0,0,0,0,0,0,0,0,0,0,0,0,0,0,0
Ciconia_ciconia,1962,0,0,66829,23,0,0,0,0,0,0,0,0,0,0,0,0,0,0,0,0,0,136,0,0,0,0,0,0,0,0,0,0,0,0,0,0,0,0,0,0,0,0,0,0,0,0,0,0,0,0,0,0,0,0,0,0
Corvus_frugilegus,14690,68,4,1790,938,0,145,24,0,11,103,0,6,0,12,0,0,0,17,0,0,0,2988,0,121,0,0,0,0,0,6,0,0,0,0,0,0,0,6,0,0,0,0,0,2,0,0,0,0,0,0,0,0,0,0,0,0
Macropus_fuliginosus,10991,143,11797,133875,1980,285,21098,3,462,32,7,0,0,0,123,0,0,3,7,33,0,0,63,441,0,112,0,0,106,0,0,0,0,0,0,0,0,0,0,0,0,0,0,0,0,0,0,0,0,0,0,0,0,0,0,0,0
Vespadelus_baverstocki,5565,3,2,41438,394,82,52,0,0,12,0,0,0,0,8,0,10,0,4,0,0,0,123,53,0,0,0,0,0,0,0,0,0,0,0,0,0,0,0,0,0,0,0,0,0,0,0,0,0,0,0,0,0,0,0,0,0
Phascolarctos_cinereus,73413,379,23,33978,1380,2699,16691,0,1860,0,2,0,0,0,0,8,160,0,0,0,0,0,2,120,0,0,0,48,0,0,0,0,0,0,0,0,0,0,0,0,0,0,0,0,2,0,0,0,0,0,0,0,0,0,0,0,0
Chrysococcyx_basalis,520,0,18374,17368,2763,5,17293,4,27,0,2,0,0,0,0,0,0,0,0,0,0,0,15,0,0,0,0,0,0,0,0,0,0,0,0,0,0,0,0,0,0,0,0,0,0,0,0,0,0,0,0,0,0,0,0,0,0
Martes_foina,2114,0,0,6105,0,0,0,0,0,0,0,0,0,0,0,0,0,0,0,0,0,0,0,0,0,0,0,0,0,0,0,0,0,0,0,0,0,0,0,0,0,0,0,0,0,0,0,0,0,0,0,0,0,0,0,0,0
Lepus_europaeus,2254,0,7444,217331,1919,3398,194838,0,637,40,0,627,0,0,45308,12,1291,0,0,0,0,0,0,3665,0,0,0,0,0,0,0,0,0,0,0,0,0,0,0,0,0,0,0,0,0,0,0,0,0,0,0,0,0,0,0,0,0
Anser_anser,6026,0,0,61127,485,0,324,0,0,32,0,0,0,0,0,0,0,0,0,0,0,0,451,0,0,0,0,0,0,0,0,0,0,0,0,0,0,0,0,0,0,0,0,0,0,0,0,0,0,0,0,0,0,0,0,0,0
Blicca_bjoerkna,104137,407,1336,9457,983,199,357,283,125,21511,6,4,4,0,0,0,0,0,90,0,0,0,13,9,9,0,3,0,0,0,4,0,0,0,7,0,0,8,0,0,0,0,0,0,0,7,0,0,0,0,0,0,0,0,0,0,0
Halichoerus_grypus,7396,4,12,31711,114,0,31,2,0,66567,0,0,0,0,0,0,0,0,9,0,0,0,0,0,0,0,0,0,0,0,6,0,0,0,0,0,0,0,0,0,2,0,0,0,0,0,0,0,0,0,0,0,0,0,0,0,0
Phoca_vitulina,613,0,0,53792,357,0,462,0,0,15,0,0,0,0,0,0,0,0,0,0,0,0,0,0,0,0,0,0,0,0,0,0,0,0,0,0,0,0,0,0,0,0,0,0,0,0,0,0,0,0,0,0,0,0,0,0,0
Mesoplodon_bidens,10987,0,0,64755,0,0,4,0,0,0,0,0,0,0,0,0,0,0,0,0,0,0,0,0,0,0,0,0,0,0,0,0,0,0,0,0,0,0,0,0,0,0,0,0,0,0,0,0,0,0,0,0,0,0,0,0,0
Lagenorhynchus_albirostris,44912,0,0,49804,10,0,9,0,0,32461,0,0,0,0,0,0,0,0,0,0,0,0,0,0,0,0,0,0,0,0,0,0,0,0,0,0,0,0,0,0,0,0,0,0,0,0,0,0,0,0,0,0,0,0,0,0,0
Bufo_viridis,2321,0,0,9192,161,0,255,6,0,86,0,0,0,0,0,0,0,0,0,0,0,0,3,0,0,0,0,0,0,0,0,0,0,0,0,0,0,0,0,0,0,0,0,0,0,0,0,0,0,0,0,0,0,0,0,0,0
Rana_dalmatina,20809,0,0,9063,280,3,818,11,25,11,0,0,0,0,0,15,0,0,0,0,0,0,0,0,0,0,0,0,0,0,0,0,0,0,0,0,0,0,0,0,0,0,0,0,0,0,0,0,0,0,0,0,0,0,0,0,0
Odocoileus_virginianus,220,55,2065,40613,375,0,21237,27,56,0,32,0,0,0,1869,0,0,0,14,0,3,0,4,1623,0,0,0,0,0,0,0,0,0,0,0,0,0,0,0,0,0,0,3,0,0,0,0,0,0,0,0,0,0,0,0,0,0
Philander_opossum,407,0,4,7465,21,148,56885,0,4,3,0,0,0,0,277,7,0,0,0,0,27,0,41,0,0,0,0,0,0,0,0,0,0,0,0,0,0,0,0,0,0,0,0,0,0,0,0,0,0,0,0,0,0,0,0,0,0
Heteromys_desmarestianus,533,0,8,20465,66,266,24992,0,9,0,0,0,0,0,1342,122,0,0,0,0,15,0,86,0,0,0,0,0,0,0,0,0,0,0,0,0,0,0,0,0,0,0,0,0,0,0,0,0,0,0,0,0,0,0,0,0,0
Martes_martes,5252,0,0,2013,2,0,3,0,0,122,0,0,0,0,0,0,0,0,0,0,0,0,0,0,0,0,0,0,0,0,0,0,0,0,0,0,0,0,0,0,0,0,0,0,0,0,0,0,0,0,0,0,0,0,0,0,0
Spermophilus_citellus,1155,0,2321,282943,2985,28,52444,0,2847,54,2,0,0,0,0,0,0,17,0,0,329,0,443,54,0,4,0,0,0,0,0,0,0,0,0,0,0,0,0,0,0,0,0,0,0,0,0,0,0,0,0,0,0,0,0,0,0
Crocodylus_moreletii,4315,0,5,60670,9,3,33074,0,0,52510,0,0,0,0,0,0,0,0,0,0,0,0,0,0,0,0,0,0,0,0,0,0,0,0,0,0,0,0,0,0,0,0,0,0,0,0,0,0,0,0,0,0,0,0,0,0,0
Acrocephalus_scirpaceus,571,0,3,34233,894,0,83,2,7,68,32,0,0,0,0,0,0,0,0,0,0,0,3,0,0,0,0,0,31,12,0,0,0,0,0,0,0,0,0,0,0,0,0,0,0,0,0,0,0,0,0,0,0,0,0,0,0
Papio_ursinus,992,0,1473,127555,95,268,16011,0,1500,6,0,0,0,0,2744,0,0,0,0,90,0,0,309,0,0,23,0,0,0,0,0,0,0,0,0,0,0,0,0,0,0,0,0,0,0,0,0,0,0,0,0,0,0,0,0,0,0
Crocodylus_niloticus,32814,3,122,50412,124,56,3209,5,43,6817,4,0,0,0,5,0,0,0,7,0,0,0,22163,0,0,0,0,0,0,0,4,0,0,0,0,0,0,0,0,0,0,0,0,2,0,0,0,0,0,0,0,0,0,0,0,0,0
Aepyceros_melampus,2921,208,575,247027,684,77,6094,3,262,16,0,0,0,0,397,0,0,0,0,0,7,0,0,2500,0,0,0,0,11,0,0,0,0,0,0,0,0,0,0,0,0,0,0,0,0,0,0,0,0,0,0,0,0,0,0,0,0
Panthera_pardus,765,0,0,100464,4187,0,2825,0,0,11894,0,0,0,0,0,0,0,0,0,0,0,0,6,14,0,0,0,0,0,0,0,0,0,0,0,0,0,0,0,0,0,0,0,0,0,0,0,0,0,0,0,0,0,0,0,0,0
Chlorocebus_pygerythrus,14650,0,2173,177510,1775,553,21115,4,1736,8,4,0,2,0,5988,0,0,0,6,692,1840,0,326,53,0,56,0,0,0,0,5,0,0,0,0,0,0,0,0,0,0,0,0,0,0,0,0,0,0,0,0,0,0,0,0,0,0
Ceratotherium_simum,416,175,13724,125680,586,339,83827,167,193,26,7,10,0,0,19409,0,140,324,0,17,70,0,18,2687,0,1484,0,0,82,0,0,0,0,56,0,0,0,0,0,0,0,0,0,0,0,0,0,0,0,0,0,0,0,0,0,0,0
Giraffa_camelopardalis,10638,210,3494,325940,740,1988,112115,93,2821,31,193,0,0,0,8875,22,0,0,0,308,50,0,157,486,0,1308,0,3,591,2,0,0,0,0,0,0,0,0,0,0,0,0,0,0,0,0,0,0,0,0,0,0,0,0,0,0,0
Syncerus_caffer,950,0,50,116929,68,109,22743,24,3,0,0,0,0,0,343,0,0,0,0,0,9,0,0,189,0,0,0,0,0,0,0,0,0,0,0,0,0,0,0,0,0,0,0,0,0,0,0,0,0,0,0,0,0,0,0,0,0
Hippopotamus_amphibius,4370,0,207,261299,845,12,18012,6,20,68,0,0,0,0,23,0,0,8,0,0,0,0,9,157,0,10,0,0,0,0,0,0,0,0,0,0,0,0,0,0,0,0,0,0,2,0,0,0,0,0,0,0,0,0,0,0,0
Equus_quagga,8559,163,14696,239300,2096,581,64005,677,2285,0,0,77,439,0,12781,9,47,339,0,210,297,0,76,2753,0,1434,0,0,2210,0,0,0,0,83,0,0,0,0,0,0,0,0,0,0,0,0,0,0,0,0,0,0,0,0,0,0,0
Procyon_lotor,25755,0,4,151596,146,0,3124,2,0,28800,0,0,0,0,21,0,0,0,0,0,0,0,7873,0,0,0,0,0,0,0,0,0,0,0,0,0,0,0,0,0,0,0,0,0,0,0,0,0,0,0,0,0,0,0,0,0,0
Camelus_bactrianus,554,87,10653,49651,47,877,25013,86,877,0,11,0,10,0,2559,10,0,0,0,50,20,0,0,354,0,1037,0,0,540,0,0,0,0,0,0,0,0,0,0,0,0,0,0,0,0,0,0,0,0,0,0,0,0,0,0,0,0
Calidris_alpina,802,2,3,5938,11,16,73,3,7,3366,0,0,3,0,2,18,0,0,0,0,0,0,2770,0,5,0,0,0,0,0,0,0,0,0,0,0,0,0,0,0,0,0,0,0,0,0,0,0,0,0,0,0,0,0,0,0,0
Canis_lupus,4469,8,4,286736,7849,0,57407,0,0,37987,6,0,0,0,0,0,0,0,0,0,0,0,584,107,3,0,0,0,0,0,0,0,0,0,0,0,0,0,0,0,0,0,0,0,0,0,0,0,0,0,0,0,0,0,0,0,0
Eliomys_quercinus,250,0,0,98187,316,0,9,0,0,13,5,0,0,0,0,0,0,0,0,0,0,0,0,0,0,0,0,0,0,0,0,0,0,0,0,0,0,0,0,0,0,0,0,0,0,0,0,0,0,0,0,0,0,0,0,0,0
Glis_glis,59039,11,4,31750,93,0,1077,15,0,29,0,0,0,0,2,0,0,0,2,0,0,0,10,0,0,0,0,0,0,0,0,0,0,0,0,0,0,0,0,0,0,0,0,0,0,0,0,0,0,0,0,0,0,0,0,0,0
Vipera_ursinii,168033,45,1674,73320,801,1830,72454,8,481,2553,53,0,2,4,6953,0,22,0,71,26,151,0,21,846,36,5,0,0,23,2,11,0,0,0,0,0,0,0,8,0,0,0,0,0,0,0,0,0,0,0,0,2,0,0,0,0,0
Sciurus_vulgaris,53,0,0,2334,8,3,4427,0,0,0,0,0,0,0,0,0,0,0,0,0,0,0,164,0,0,0,0,0,0,0,0,0,0,0,0,0,0,0,0,0,0,0,0,0,0,0,0,0,0,0,0,0,0,0,0,0,0
Bufo_bufo,27777,52,22280,112380,864,6327,52684,19,0,220,106,0,7,0,185,7,434,0,146,0,2,0,0,673,94,0,3,0,0,0,9,0,0,0,6,0,0,0,26,0,0,0,3,0,0,0,0,0,0,0,0,6,0,0,0,0,0
Aspius_aspius,822,25,13,12484,23,44,9,4,0,13729,0,0,0,0,0,0,0,0,7,0,0,0,9,2,0,0,0,0,0,0,0,0,0,0,0,0,0,0,0,0,0,0,0,0,0,0,0,0,0,0,0,0,0,0,0,0,0
Mus_musculus,146,0,0,17006,21,47,42048,0,2,9,0,0,0,0,0,9,0,0,0,0,0,0,30492,0,0,0,0,0,0,0,2,0,0,0,0,0,0,0,0,0,0,0,0,0,0,0,0,0,0,0,0,0,0,0,0,0,0
Asio_otus,681,0,70,14548,1606,62,2713,0,0,63,0,0,0,0,0,0,0,0,0,0,0,0,4,0,0,0,0,0,0,0,0,0,0,0,0,0,0,0,0,0,0,0,0,0,0,0,0,0,0,0,0,0,0,0,0,0,0
Crocidura_suaveolens,54543,6,47,691,465,0,10,0,0,0,0,0,4,0,0,0,0,3,10,0,0,0,0,0,2,0,0,0,0,0,0,0,0,0,0,0,0,0,0,0,0,0,0,0,3,0,0,0,0,0,0,0,0,0,0,0,0
Cyprinus_carpio,23697,0,3,7153,21,77,97,3,3,780,4,0,0,0,0,0,0,0,26,0,0,0,48,5,0,0,0,0,0,0,0,0,0,0,5,0,0,5,0,0,0,0,0,0,0,0,0,0,0,0,0,0,0,0,0,0,0
Lagopus_muta,900,0,0,57380,5453,537,1766,0,15,34,0,0,0,0,1304,0,560,0,0,1014,0,0,799,86,0,0,0,0,0,0,0,0,0,0,0,0,0,0,0,0,0,0,0,0,0,0,0,0,0,0,0,0,0,0,0,0,0
Nomascus_gabriellae,1662,0,52,38752,840,35,55076,2,348,46,0,0,0,0,939,0,0,0,0,23,0,0,26,3,0,2,0,0,0,0,0,0,0,0,0,0,0,0,0,0,0,0,0,0,0,0,0,0,0,0,0,0,0,0,0,0,0
Parus_major,6894,310,96,32348,2052,5440,4947,10,0,397,10,0,21,0,20,2,922,43,0,3,0,0,36,201,0,0,0,449,31,0,0,0,0,0,0,0,0,0,0,0,0,0,0,0,0,0,0,0,0,0,0,0,0,0,0,0,0
Nyctereutes_procyonoides,1348,0,8,71918,2785,662,3118,6,195,3878,2,0,2,0,0,0,8,0,0,0,0,0,502,0,0,0,0,0,0,0,0,0,0,0,0,0,0,0,0,0,0,0,0,0,0,0,0,0,0,0,0,0,0,0,0,0,0
Cervus_elaphus,12325,577,11806,850870,1166,1528,311212,46,10309,149,7,0,2,0,10878,0,2,2,3,366,538,0,6,3135,3,932,0,0,117,0,0,0,0,0,0,0,0,0,0,0,0,0,0,0,0,0,0,0,0,0,0,0,0,0,0,0,0
Apodemus_flavicollis,1399,0,246,37307,167,2170,45884,0,86,16,0,0,0,0,0,3251,0,0,0,0,0,0,5288,0,0,0,0,0,0,0,0,0,0,0,0,0,0,0,0,0,0,0,0,0,0,0,0,0,0,0,0,0,0,0,0,0,0
Felis_catus,11221,0,6,187848,9831,44,74941,0,0,4289,0,0,0,0,2,2,0,0,0,0,0,0,17,0,0,0,0,0,0,0,0,0,0,0,0,0,0,0,0,0,0,0,0,0,0,0,0,0,0,0,0,0,0,0,0,0,0
Corvus_corone,1708,0,0,22695,0,0,7,0,0,0,0,0,0,0,0,0,0,0,0,0,0,0,0,0,0,0,0,0,0,0,0,0,0,0,0,0,0,0,0,0,0,0,0,0,0,0,0,0,0,0,0,0,0,0,0,0,0
Nycticebus_pygmaeus,10308,0,96,22098,4972,232,46373,0,281,932,0,0,0,0,15416,0,19,0,0,86,170,0,12712,4,0,48,0,0,140,0,0,0,0,0,0,0,0,0,0,0,0,0,0,0,0,0,0,0,0,0,0,0,0,0,0,0,0
Trachypithecus_hatinhensis,17898,158,825,48429,352,841,2975,0,141,7,0,0,0,0,320,0,0,0,0,25,0,0,22,0,0,66,0,0,0,0,0,0,0,0,0,0,0,0,0,0,0,0,0,0,0,0,0,0,0,0,0,0,0,0,0,0,0
Trachypithecus_delacouri,19452,115,359,67729,68,1509,7627,0,60,15,0,0,0,0,647,0,0,0,0,0,0,0,31,6,0,41,0,0,0,0,0,0,0,0,0,0,0,0,0,0,0,0,0,0,0,0,0,0,0,0,0,0,0,0,0,0,0
Nomascus_siki,19439,0,0,37774,2854,57,16326,0,8,18,0,0,0,0,0,0,0,0,0,0,98,0,0,30,0,0,0,0,0,0,0,0,0,0,0,0,0,0,0,0,0,0,0,0,0,0,0,0,0,0,0,0,0,0,0,0,0
Testudo_hermanni,304,78,19,30799,1315,73,3412,0,0,1694,0,0,0,0,357,0,8,0,0,4,0,0,249,2097,0,0,0,0,5,0,0,0,0,0,0,0,0,0,0,0,0,0,0,0,0,0,0,0,0,0,0,0,0,0,0,0,0
Circus_aeruginosus,26496,0,0,3268,0,0,11,0,0,42587,0,0,0,0,0,0,0,0,0,0,0,0,0,0,0,0,0,0,0,0,0,0,0,0,0,0,0,0,0,0,0,0,0,0,0,0,0,0,0,0,0,0,0,0,0,0,0
Branta_leucopsis,109895,0,10,54470,1813,0,246,0,0,18,0,0,0,0,0,0,0,0,0,0,0,0,21,0,0,0,0,0,0,0,0,0,0,0,0,0,0,0,0,0,0,0,0,0,0,0,0,0,0,0,0,0,0,0,0,0,0
Trichosurus_vulpecula,431,0,533,131955,15,239,2491,0,4346,7,0,0,0,0,1333,0,827,0,0,528,0,0,880,0,0,0,0,0,0,0,0,0,0,0,0,0,0,0,0,0,0,0,0,0,0,0,0,0,0,0,0,0,0,0,0,0,0
Macropus_giganteus,11767,91,7279,82266,31167,45,18946,0,248,608,0,0,0,0,104,0,0,0,4,0,2,0,288,857,0,0,0,0,19,5,0,0,0,0,0,0,0,0,0,0,0,0,0,0,0,0,0,0,0,0,0,0,0,0,0,0,0
Dromaius_novaehollandiae,75008,3,46,14935,440,0,2446,14,41,0,5,0,11,0,0,0,0,0,35,0,0,0,158,0,8,0,0,0,0,0,0,0,0,3,0,0,0,0,0,0,0,0,0,0,0,0,0,0,0,0,0,0,0,0,0,0,2
Gallus_gallus,555,0,0,58059,339,23,28,2,0,7,22,0,0,0,0,0,0,0,0,0,0,0,4,0,5,0,0,0,0,0,0,0,0,0,0,0,0,0,0,0,0,0,0,0,0,0,0,0,0,0,0,0,0,0,0,0,0
Carassius_gibelio,26906,526,905,12007,1239,203,367,408,155,3411,5,0,19,2,0,0,2,0,304,0,0,0,5,6,0,0,21,0,0,0,3,0,0,0,4,0,0,12,0,0,0,0,0,0,0,12,0,0,0,0,0,0,0,0,0,0,0
Meleagris_gallopavo,3570,0,11,85981,467,0,24,10,0,0,4,0,0,0,0,0,0,0,0,0,0,0,0,0,2,0,0,0,0,0,0,0,0,0,0,0,0,0,0,0,0,0,0,0,0,0,0,0,0,0,0,0,0,0,0,0,0
Leuciscus_idus,8283,10,20,9129,405,266,888,0,5,47309,0,0,0,0,0,0,13,0,0,0,0,0,15,32,0,0,0,0,0,0,0,0,0,0,0,0,0,0,0,0,0,0,0,0,0,0,0,0,0,0,0,0,0,0,0,0,0
Phocoena_phocoena,2340,0,3,28342,72,0,420,0,0,31641,0,0,0,0,0,0,0,0,0,0,0,0,0,0,0,0,0,0,0,0,0,0,0,0,0,0,0,0,0,0,0,0,0,0,0,0,0,0,0,0,0,0,0,0,0,0,0
Balaenoptera_borealis,627,0,132,23391,98,711,54016,0,19,122,0,0,0,0,4672,68,0,0,0,73,0,0,10,2,0,0,0,0,0,0,0,0,0,0,0,0,0,0,0,0,0,0,0,0,0,0,0,0,0,0,0,0,0,0,0,0,0
Anas_platyrhynchos,2925,0,2,76934,553,6,198,2,0,522,0,0,0,0,0,0,0,13,0,0,0,0,1416,0,0,0,0,0,0,0,0,0,0,0,0,0,0,0,0,0,0,0,0,0,2,0,0,0,0,0,0,0,0,0,0,0,0
Manis_temminckii,62505,0,6,4426,17,0,18,0,0,16,0,0,0,0,0,0,0,0,0,0,0,0,5,0,0,0,0,0,0,0,0,0,0,0,0,0,0,0,0,0,0,0,0,0,0,0,0,0,0,0,0,0,0,0,0,0,0
Lissotriton_vulgaris,4533,88,202,61,301,47,2502,131,0,0,120,3,3,6,0,0,0,7,283,0,0,0,0,3,0,0,0,0,0,0,4,5,0,9,0,0,0,0,0,0,0,0,0,0,0,0,0,0,0,0,0,0,0,0,0,0,0
Natrix_natrix,51292,33,66,3593,3692,0,6275,18,2,1996,17,0,2,0,0,5,0,0,25,0,0,0,0,0,15,0,0,0,0,0,0,2,0,0,0,0,0,0,0,0,0,0,0,0,0,0,0,0,0,0,0,0,0,0,0,0,0
Potos_flavus,22920,2,31,3526,26,0,76,10,0,185,0,0,0,0,0,0,0,0,0,0,0,0,5,0,0,0,0,0,0,0,0,0,0,0,0,0,0,0,0,0,0,0,0,0,0,0,0,0,0,0,0,0,0,0,0,0,0
Choloepus_hoffmanni,4285,0,42970,55924,19209,237,37386,0,422,97,0,0,0,0,0,0,0,0,4,0,0,0,112,0,0,0,0,0,0,0,0,0,0,0,0,0,0,0,0,0,0,0,0,0,0,0,0,0,0,0,0,0,0,0,0,0,0
Tamandua_mexicana,58386,7,4337,54364,339,96,31704,0,6,12466,3,0,0,2,3,0,3,0,0,0,0,0,10,10,0,0,0,0,0,0,0,0,0,0,0,0,0,0,0,0,0,0,0,0,0,0,0,0,0,0,0,0,0,0,0,0,0
Bradypus_variegatus,2718,220,18634,65152,915,211,11471,0,233,15,0,0,0,0,2,0,17,2,0,0,0,0,3,1836,0,0,0,0,0,0,0,0,0,0,0,0,0,0,0,0,0,0,0,0,0,0,0,0,0,0,0,0,0,0,0,0,0
Lepus_tolai,186,0,3,65306,2227,118,8686,0,0,25,0,0,0,0,0,0,24,0,0,0,0,0,0,2,0,0,0,0,0,0,0,0,0,0,2,0,0,0,0,0,0,0,4,0,0,0,0,0,0,0,0,0,0,0,0,0,0
Gazella_subgutturosa,448,35,1315,49202,160,214,11994,3,501,11,3,0,0,0,0,0,0,0,0,0,0,0,0,211,0,0,0,0,0,0,0,0,0,0,0,0,0,0,0,0,0,0,0,0,0,0,0,0,0,0,0,0,0,0,0,0,0
Strix_uralensis,26259,0,0,45550,3160,0,4965,0,0,10,0,0,0,0,2,0,0,0,0,0,0,0,0,0,0,0,0,0,0,0,0,0,0,0,0,0,0,0,0,0,0,0,0,0,0,0,0,0,0,0,0,0,0,0,0,0,0
Dendrocopos_major,22237,0,0,74822,45,0,65,2,0,0,0,0,0,0,0,0,0,0,4,0,0,0,0,0,0,0,0,0,0,0,0,0,0,0,0,0,0,0,2,0,0,0,0,0,0,0,0,0,0,0,0,0,0,0,0,0,0
Caprimulgus_europaeus,34836,0,0,28855,9,0,16,0,0,9,0,0,0,0,0,0,0,0,0,0,0,0,10,0,0,0,0,0,0,0,0,0,0,0,0,0,0,0,0,0,0,0,0,0,0,0,0,0,0,0,0,0,0,0,0,0,0
Capreolus_capreolus,993,0,93,63368,198,18,35564,0,707,17,0,0,0,0,0,0,0,0,0,0,515,0,237,394,0,0,0,0,0,0,0,0,0,0,0,0,0,0,0,0,0,0,0,0,0,0,0,0,0,0,0,0,0,0,0,0,0
Lutra_lutra,967,0,0,77300,21,18,1429,0,41,10,0,0,0,0,0,0,0,0,0,0,0,0,28,0,0,0,0,0,0,0,0,0,0,0,0,0,0,0,0,0,0,0,0,0,0,0,0,0,0,0,0,0,0,0,0,0,0
Tringa_glareola,89980,0,3,150,0,0,10,0,0,17,0,0,0,2,0,0,0,0,0,0,0,0,0,0,0,0,0,0,0,0,0,0,0,0,0,0,0,0,0,0,0,0,0,0,0,0,0,0,0,0,0,0,0,0,0,0,0
Esox_lucius,58644,5,6,37725,11,0,7079,2,14,73959,0,0,0,2,0,0,0,0,0,0,0,0,0,0,0,0,0,0,0,0,0,0,0,0,0,0,0,0,0,0,0,0,0,0,0,0,0,0,0,0,0,0,0,0,0,0,0
Dama_dama,1113,127,999,152980,405,638,48615,18,537,41,0,0,0,0,2300,0,0,0,0,36,20,0,7,855,2,0,0,0,0,0,0,0,0,0,0,0,0,0,0,0,0,0,0,0,0,0,0,0,0,0,0,0,0,0,0,0,0
Ovis_aries,374,22,513,56875,167,233,23001,0,608,0,0,0,0,0,129,0,0,0,0,137,0,0,0,132,0,0,0,0,0,0,0,0,0,0,0,0,0,0,0,0,0,0,0,0,0,0,0,0,0,0,0,0,0,0,0,0,0
Porites_lobata,186009,237,175,51,36,48,2360,20,685,93,979,8,104,8,29,0,0,37,8,0,2,0,0,0,11,11,6,0,0,246,0,2,0,0,3,0,0,0,0,0,0,0,0,0,0,0,0,0,0,0,3,0,3,4,3,0,0
Pocillopora_elegans,183608,293,228,21,90,149,3019,25,9627,168,539,19,41,0,89,0,0,2,57,0,0,0,3,0,33,5,20,0,0,12,15,9,0,0,0,14,0,0,0,0,0,0,9,0,12,0,0,0,0,0,0,0,0,0,4,0,0
Acropora_hyacinthus,39601,817,1547,33,129,140,5694,84,3405,91,994,22,226,0,5,0,0,29,93,17,0,5,0,0,4,4,51,0,0,52,16,0,2,0,0,0,0,2,0,0,4,0,0,2,9,0,0,0,0,0,0,0,0,0,14,0,0
Stegastes_nigricans,134862,47704,16916,22092,6293,7938,24874,2130,13554,12723,2867,293,799,130,0,0,0,85,2455,0,0,17,375,0,164,0,1080,0,0,164,451,23,98,0,36,105,53,30,55,0,0,0,18,0,0,38,0,0,18,0,0,0,0,0,0,0,0
,19758.86,2246.845,2665.63,59620.96,1664.945,880.165,19179.98,136.475,1068.96,4905.085,77.645,25.305,52.65,25.925,1630.05,41.045,60.05,55.03,49.6,33.785,29.985,2.005,660.61,383.64,6.18,123.335,26.19,9.93,33.04,11.81,3.395,0.31,0.5,4.895,1.435,13.38,0.37,0.45,1.46,0.455,0.375,0.01,1.085,0.4,0.805,0.42,1.225,0.44,0.09,0.075,0.015,0.04,0.015,0.02,0.105,0.02,0.01
